category,tickets,avg_cycle_time_hours,sla_breach_rate
Billing,3283,21.038880608821202,0.12214438014011575
Account,3356,20.91090581264948,0.12157330154946365
Access,3328,21.08548321873105,0.12049278846153846
Fraud Review,3341,20.840835816738586,0.11882669859323555
Payments,3284,20.96150153674254,0.11601705237515225
Technical,3408,20.893120686879808,0.1159037558685446
