bottleneck_stage,tickets,avg_cycle_time_hours
work,15942,23.134405987096176
review,2676,13.75254070349184
triage,1233,10.294365124721097
intake,149,5.283493567843028
