owner_team,tickets,avg_cycle_time_hours,sla_breach_rate
Team-A,5135,20.834656207928813,0.12482960077896786
Team-B,4953,21.010398101426183,0.11972541893801736
Team-D,4927,20.96605292295864,0.11812461944388065
Team-C,4985,21.011130939563802,0.11374122367101304
