priority,tickets,avg_cycle_time_hours,sla_breach_rate
Critical,1032,20.62331285250323,0.9418604651162791
High,3983,20.983122237119495,0.3519959829274416
Medium,8047,20.916368934048197,0.0011184292282838326
Low,6938,21.031657013938457,0.0
